date,close,high,low,open,volume,symbol
2024-01-02,184.73497009277344,187.52132261231023,182.9935016661129,186.2376030973938,82488700,AAPL
2024-01-03,183.3517608642578,184.97381929292,182.53575116647167,183.32190833232914,58414500,AAPL
2024-01-04,181.02316284179688,182.19740286158623,179.99818547387906,181.26198308479132,71983600,AAPL
2024-01-05,180.2967071533203,181.8690061871609,179.29163655398915,181.10277101042314,62303300,AAPL
2024-01-08,184.65536499023438,184.6951784875532,180.6151605231867,181.20228054123743,59144500,AAPL
2024-01-09,184.23741149902344,184.24735728099782,181.83915700040632,183.02335798455337,42841800,AAPL
2024-01-10,185.28228759765625,185.49125530087693,183.02335006640843,183.4512616231925,46792900,AAPL
2024-01-11,184.6852264404297,186.13811547472974,182.7248291738061,185.6305920580053,49128400,AAPL
2024-01-12,185.01361083984375,185.8296205077815,184.2871739488164,185.1529277118819,40444700,AAPL
2024-01-16,182.73477172851562,183.361690026594,180.04792262326768,181.27193705900044,65603000,AAPL
2024-01-17,181.78941345214844,182.03819468263436,179.42102646331548,180.3862988523529,47317400,AAPL
2024-01-18,187.7104034423828,188.21791164443712,184.9240508532924,185.18277784532793,78005800,AAPL
2024-01-19,190.62611389160156,191.01421197583775,187.89948151982946,188.4069897270921,68741000,AAPL
2024-01-22,192.9447479248047,194.37773007418247,191.3226896328841,191.36250312836654,60133900,AAPL
2024-01-23,194.2284698486328,194.79569832767794,192.88506035011693,194.06926140547006,42355600,AAPL
2024-01-24,193.55177307128906,195.42261254918643,193.39254945946814,194.4672860626603,53631300,AAPL
2024-01-25,193.223388671875,195.31315691300077,192.1685587692801,194.26827279243787,54822100,AAPL
2024-01-26,191.48191833496094,193.8105067973861,191.00426266727368,193.32290534776368,44594000,AAPL
2024-01-29,190.79527282714844,191.26298269587747,188.65576059016195,191.07390655519137,47145600,AAPL
2024-01-30,187.12327575683594,190.86495502370778,186.55606247111587,190.00914701951908,55859400,AAPL
2024-01-31,183.5010223388672,186.18787167030365,183.45127824224116,186.12815142243116,55467800,AAPL
2024-02-01,185.94903564453125,186.03859323945602,182.9238626911125,183.09303209854838,64885400,AAPL
2024-02-02,184.94395446777344,186.41673495449575,178.3761245608121,178.9831513103476,102518000,AAPL
2024-02-05,186.7650146484375,188.32736786854025,184.9339886658605,187.23272451786957,69668800,AAPL
2024-02-06,188.37713623046875,188.38708201253658,185.8594715869018,185.94902917871246,43490800,AAPL
2024-02-07,188.48660278320312,190.118606941087,187.69049986083044,189.71060210551596,53439000,AAPL
2024-02-08,187.40191650390625,188.6159548348253,186.4366441977198,188.46669218310572,40962000,AAPL
2024-02-09,188.1691436767578,189.30503301755343,187.3222021069975,187.96985257532495,45155200,AAPL
2024-02-12,186.47525024414062,187.98977434952795,186.11654756664825,187.74067569026312,41781900,AAPL
2024-02-13,184.37286376953125,185.53865891732192,182.84838113476025,185.10024282819998,56529500,AAPL
2024-02-14,183.48606872558594,184.8610982078661,181.78224238811126,184.6518638454696,54630500,AAPL
2024-02-15,183.19712829589844,183.82486181575325,180.69618309757163,182.88824837462906,65434500,AAPL
2024-02-16,181.6527099609375,184.18356093832674,181.015017979917,182.75870865343296,49701400,AAPL
2024-02-20,180.90541076660156,181.77226924950583,179.3510375405212,181.134577279735,53665600,AAPL
2024-02-21,181.66268920898438,182.23062628266825,180.00867035619171,181.28405435734408,41529700,AAPL
2024-02-22,183.70526123046875,184.29314557915657,181.80215916466838,182.81847067506192,52292200,AAPL
2024-02-23,181.86195373535156,184.37285727847149,181.57299077597804,184.3429666556088,45119700,AAPL
2024-02-26,180.50686645507812,182.10108884357552,179.99869543060538,181.5829745492965,40867400,AAPL
2024-02-27,181.97157287597656,183.25691537721377,178.91263378276827,180.44709016818916,54318900,AAPL
2024-02-28,180.76593017578125,182.45979817680953,179.48058766314844,181.85199678307725,48953900,AAPL
2024-02-29,180.0983428955078,181.91178855608587,178.88274013933005,180.61647239906964,136682600,AAPL
2024-03-01,179.01226806640625,179.87912655443867,176.74048946042234,178.9026640457765,73488000,AAPL
2024-03-04,174.4687042236328,176.26220237846417,173.16341449891394,175.51490641269265,81510100,AAPL
2024-03-05,169.5066680908203,171.4197441647657,169.00847072144566,170.14436011546877,95132400,AAPL
2024-03-06,168.51025390625,170.6226208472031,168.0718378391885,170.44326190896186,68587700,AAPL
2024-03-07,168.3907012939453,170.1144598371159,167.8825454793763,168.5401544147667,71765100,AAPL
2024-03-08,170.11447143554688,173.07376505978579,168.3309315224457,168.39071277485013,76114600,AAPL
2024-03-11,172.12718200683594,173.75131021022753,171.42970876738985,172.31649942978052,60139500,AAPL
2024-03-12,172.60543823242188,173.40255698056936,170.39344092810595,172.52572483722957,59825400,AAPL
2024-03-13,170.51303100585938,172.56560166885345,170.14435462584885,172.14711771653415,52488700,AAPL
2024-03-14,172.3762664794922,173.68154097803347,171.42969464651588,172.28659461404473,72913500,AAPL
2024-03-15,171.99765014648438,171.99765014648438,169.6760486454164,170.5528808562992,121664700,AAPL
2024-03-18,173.09368896484375,177.06930930187292,172.89441306506424,174.93702524630143,75604200,AAPL
2024-03-19,175.4451904296875,175.97327843397125,172.40618338367324,173.7114580811964,55215200,AAPL
2024-03-20,178.02581787109375,178.02581787109375,174.45872344849863,175.08645689941312,53423100,AAPL
2024-03-21,170.7521514892578,176.8500972709565,170.22406352502733,176.41168117904223,106181300,AAPL
2024-03-22,171.6588592529297,172.42608734653942,169.44686204033275,171.14072980755137,71106600,AAPL
2024-03-25,170.23403930664062,171.32010587263267,168.83907761478048,169.9550500090239,54288300,AAPL
2024-03-26,169.09814453125,170.80197088667242,168.96860836017046,169.38709229314748,57388400,AAPL
2024-03-27,172.68515014648438,172.97411310204996,169.49669038501753,169.79561181348092,60273300,AAPL
2024-03-28,170.86175537109375,171.60905138066403,169.8952513157474,171.1307861915964,65672700,AAPL
2024-04-01,169.4169921875,170.6325949561908,168.86897205345468,170.5728137058907,46240500,AAPL
2024-04-02,168.2312774658203,168.72947481572177,167.62347609078947,168.47041766713258,49329500,AAPL
2024-04-03,169.03834533691406,170.0646306043195,167.97221097339488,168.1814453345995,47691700,AAPL
2024-04-04,168.21136474609375,171.30017927084614,168.21136474609375,169.67605100414067,53704400,AAPL
2024-04-05,168.96859741210938,169.77567460225572,168.3408639514289,168.97855588471026,42055200,AAPL
2024-04-08,167.84268188476562,168.58997789957206,167.6334475147346,168.42059262733576,37425500,AAPL
2024-04-09,169.0582733154297,169.46679875844995,167.74304032326918,168.09176931793073,42451200,AAPL
2024-04-10,167.1750946044922,168.48036917466098,166.50751200767976,168.19142141332685,49709300,AAPL
2024-04-11,174.40892028808594,174.8274194382653,167.55373514215378,167.73307888899373,91070300,AAPL
2024-04-12,175.91348266601562,177.71695459263955,173.58192277868224,173.63173034934167,101593300,AAPL
2024-04-15,172.06739807128906,175.993195505436,171.87808065130085,174.72777001691693,73531800,AAPL
2024-04-16,168.7693328857422,173.13353117115574,167.6633342016507,171.1307833718662,73711200,AAPL
2024-04-17,167.39430236816406,170.0347421275801,167.39430236816406,168.99849837401,50901200,AAPL
2024-04-18,166.437744140625,168.0319815519269,165.94952052629202,167.4241802492927,43122900,AAPL
2024-04-19,164.40512084960938,165.80006730864108,163.48843957599198,165.610765092168,67772100,AAPL
2024-04-22,165.24208068847656,166.65695922918923,164.17594634744867,164.9232423149658,48116400,AAPL
2024-04-23,166.2982635498047,166.44773187185876,164.32540636965405,164.75386398167788,49537800,AAPL
2024-04-24,168.41062927246094,168.68961856026672,165.61076271741103,165.93955957507254,48251800,AAPL
2024-04-25,169.27749633789062,169.9949017439694,167.54376407257087,168.91879363485126,50558300,AAPL
2024-04-26,168.6896209716797,170.72225941243215,168.57004327249933,169.26753170576032,44838400,AAPL
2024-04-29,172.8744659423828,175.39534310552878,172.47591417733986,172.74492977704497,68169400,AAPL
2024-04-30,169.7158966064453,174.35909916149876,169.38708455902474,172.70508045160457,65934800,AAPL
2024-05-01,168.6896209716797,172.08733045132695,168.50030355143892,168.96861026347364,50383100,AAPL
2024-05-02,172.4061737060547,172.7947670308616,170.27388965643632,171.8880442050533,94214900,AAPL
2024-05-03,182.71885681152344,186.32580059963428,182.00145144318,185.97705638865938,163224100,AAPL
2024-05-06,181.0548858642578,183.5358989126904,179.76952819965473,181.6925778578994,78569700,AAPL
2024-05-07,181.7423858642578,184.23337259597065,180.66629297548113,182.78860333233249,77305800,AAPL
2024-05-08,182.0811767578125,182.4099888401396,180.7958190538269,182.19078078525484,45057100,AAPL
2024-05-09,183.90457153320312,183.9942434045937,181.4534339554284,181.90180851615733,48983000,AAPL
2024-05-10,182.63742065429688,184.67281593274453,181.71949609935797,184.4832417440643,50759500,AAPL
2024-05-13,185.8601531982422,186.67831235597092,184.20389092118026,185.022050078909,72044800,AAPL
2024-05-14,187.00755310058594,187.87560260141976,185.87012310151908,187.0873746193062,52393600,AAPL
2024-05-15,189.2924041748047,190.2203008031565,186.9476945906926,187.48648604697289,70400000,AAPL
2024-05-16,189.41212463378906,190.66929452090585,189.23253763528552,190.04070957734746,52845200,AAPL
2024-05-17,189.4420623779297,190.3799462232965,188.75361507763282,189.082873144053,41282900,AAPL
2024-05-20,190.6094207763672,191.48744227389747,188.58399727816297,188.90328335886426,44361300,AAPL
2024-05-21,191.91647338867188,192.295606563888,190.48968851208156,190.65930352654095,42309400,AAPL
2024-05-22,190.46974182128906,192.3854279059742,189.84117207338795,191.83666445590288,34648500,AAPL
2024-05-23,186.45880126953125,190.5695104450197,186.20936473753514,190.54955125962866,51005900,AAPL
2024-05-24,189.5518035888672,190.15045735054443,187.61617368042806,188.3944296603675,36294600,AAPL
2024-05-28,189.56179809570312,192.5650085513949,188.67380462379438,191.07836129474845,52280100,AAPL
2024-05-29,189.86111450195312,191.81670371975596,189.0828736970108,189.18265440509,53068000,AAPL
2024-05-30,190.85885620117188,191.74684967437963,190.2003553062749,190.33005195445256,49947900,AAPL
2024-05-31,191.8166961669922,192.13598224075488,189.4819738440947,191.00852422632752,75158300,AAPL
2024-06-03,193.59266662597656,194.55050954143104,192.0860755575436,192.46520870740554,50080500,AAPL
2024-06-04,193.91195678710938,194.87977170290745,192.59492465346364,194.20129645164835,47471400,AAPL
2024-06-05,195.42852783203125,196.45620511862302,194.43078171111515,194.95958593724887,54156800,AAPL
2024-06-06,194.04165649414062,196.05710787096342,193.7323576402732,195.24893596907827,41181800,AAPL
2024-06-07,196.4462432861328,196.49613363963536,193.70244131187536,194.21128637904513,53103900,AAPL
2024-06-10,192.68472290039062,196.85530953542744,191.7169079607164,196.45620195884163,97262100,AAPL
2024-06-11,206.68310546875,206.6930926736998,193.1935887051364,193.21353266624035,172373300,AAPL
2024-06-12,212.58978271484375,219.7037025197263,206.43367547843766,206.902617394007,198134300,AAPL
2024-06-13,213.75714111328125,216.2614784743462,211.12309188063193,214.25601418934664,97862700,AAPL
2024-06-14,212.01107788085938,214.68503016669274,210.8237575657328,213.36801320894725,70122700,AAPL
2024-06-17,216.18165588378906,218.45651588142053,212.2405616472853,212.88909055319678,93728300,AAPL
2024-06-18,213.8070068359375,218.13723651623954,212.5199210550432,217.09957203800778,79943300,AAPL
2024-06-20,209.20741271972656,213.75714811087835,208.37929678381894,213.44783400509766,86172500,AAPL
2024-06-21,207.02235412597656,211.41243109582913,206.64320571720273,209.91581187096148,246421400,AAPL
2024-06-24,207.67086791992188,212.22058759649926,206.1243584552299,207.25181639438415,80727000,AAPL
2024-06-25,208.59878540039062,210.90357646615678,208.13981549353107,208.67859169129048,56713900,AAPL
2024-06-26,212.7693634033203,214.37573529051122,210.16524538059215,211.0233076661301,66213200,AAPL
2024-06-27,213.61746215820312,215.25376527623442,211.8714063519454,214.2061287476001,49772700,AAPL
2024-06-28,210.14527893066406,215.58300736088682,209.8260080950157,215.28368048569334,82542700,AAPL
2024-07-01,216.261474609375,217.01975619065925,211.4423589537816,211.61197396968475,60402900,AAPL
2024-07-02,219.77354431152344,219.88329699479613,214.61519864650157,215.66281990345283,58046200,AAPL
2024-07-03,221.0506591796875,221.0506591796875,218.53633465750286,219.50414962607874,37369800,AAPL
2024-07-05,225.82984924316406,225.93960192344272,221.15041758535088,221.15041758535088,60412400,AAPL
2024-07-08,227.30653381347656,227.33646497984205,222.74682662809306,226.57816816685514,59085900,AAPL
2024-07-09,228.16458129882812,228.8829597417087,225.85979013808537,227.41627168952732,48076100,AAPL
2024-07-10,232.4548797607422,232.55466045949046,228.73329110826765,228.78318145764177,62627700,AAPL
2024-07-11,227.05709838867188,231.86622690917008,225.26115227596378,230.86848076037649,64710600,AAPL
2024-07-12,230.0203857421875,232.11565870158282,228.1645773343909,228.40404188598967,53046500,AAPL
2024-07-15,233.87168884277344,236.69531224247876,232.5646438368613,235.94700263838575,62631300,AAPL
2024-07-16,234.29075622558594,235.73748508570134,231.80636285277686,234.4703432233226,43234300,AAPL
2024-07-17,228.3641357421875,230.93832254659503,226.12917896312734,228.9328431112231,57345900,AAPL
2024-07-18,223.67471313476562,229.92061345724463,221.7690296564846,229.76097042757166,66034600,AAPL
2024-07-19,223.80442810058594,226.28882140195597,222.77675082247163,224.31328836166992,49151500,AAPL
2024-07-22,223.45523071289062,227.26661302541467,222.58718122432802,226.4983442399413,48201800,AAPL
2024-07-23,224.5028533935547,226.42851135969482,222.1781030613285,223.86429647317826,39960300,AAPL
2024-07-24,218.04742431640625,224.29332459793014,216.64061389677994,223.4951246791964,61777600,AAPL
2024-07-25,216.99981689453125,220.35224458682225,214.13627507494223,218.4365585703147,51391200,AAPL
2024-07-26,217.46875,218.99530033853074,215.52313289555326,218.20707238174316,41601300,AAPL
2024-07-29,217.7481231689453,218.80573164190093,215.26372979848315,216.47100932714253,36311800,AAPL
2024-07-30,218.30685424804688,219.8334045947242,215.63288672795753,218.6959746261333,41643800,AAPL
2024-07-31,221.5794677734375,223.3155515626994,220.13273889458495,220.94091084366266,50036300,AAPL
2024-08-01,217.8678436279297,223.9740450176905,216.53086747941563,223.86429233538576,62501000,AAPL
2024-08-02,219.3644561767578,225.0915242198944,217.21930817086155,218.65604975341137,105568600,AAPL
2024-08-05,208.79833984375,213.0188017705649,195.55824424838744,198.64127617987643,119548600,AAPL
2024-08-06,206.76292419433594,209.51671322927783,200.6168196653937,204.83728149035767,69660500,AAPL
2024-08-07,209.34710693359375,213.15848935419993,205.9248296826355,206.43367474426563,63516400,AAPL
2024-08-08,212.8292236328125,213.71721707569145,208.35932525259923,212.6296774525561,47161100,AAPL
2024-08-09,215.7526397705078,216.29141600978787,211.4922593126285,211.62197118803232,42201600,AAPL
2024-08-12,217.2909393310547,219.26875909808805,215.36306766380915,215.83255236617862,38028100,AAPL
2024-08-13,221.02682495117188,221.646138683676,218.76929897291208,218.76929897291208,44155300,AAPL
2024-08-14,221.47633361816406,222.7848915052682,219.45854930599305,220.3276035510778,41960600,AAPL
2024-08-15,224.47303771972656,225.10235023777113,222.5151850202656,224.35317447515422,46414000,AAPL
2024-08-16,225.80157470703125,226.5807162697698,223.40420315535758,223.67391069385005,44340200,AAPL
2024-08-19,225.64175415039062,225.74165035068273,222.79488010428776,225.4719428035102,40687800,AAPL
2024-08-20,226.2610626220703,226.92034094772856,225.20222998863,225.52188562847152,30299000,AAPL
2024-08-21,226.15118408203125,227.7294495174454,224.80267685471037,226.2710625686077,34765500,AAPL
2024-08-22,224.2832489013672,228.08905941841815,223.65393636981634,227.53966079897057,43695300,AAPL
2024-08-23,226.5906982421875,227.96918649391685,224.0834622297127,225.41200238324527,38677300,AAPL
2024-08-26,226.93032836914062,227.03022456881217,223.64395069142014,226.5107917661563,30602200,AAPL
2024-08-27,227.77938842773438,228.5984945445466,224.64283997153836,225.75162066501636,35934600,AAPL
2024-08-28,226.2410888671875,229.6073802985885,225.4319662685897,227.6695099550691,38052200,AAPL
2024-08-29,229.53746032714844,232.66402541964027,228.62847197635801,229.8471324488683,51906300,AAPL
2024-08-30,228.7483367919922,230.14679214282077,227.23000295250677,229.93703146120657,52990800,AAPL
2024-09-03,222.52517700195312,228.74832587928796,220.92692932694945,228.29882348382426,50190600,AAPL
2024-09-04,220.6072998046875,221.53627045160738,217.24099295020864,221.4164072047842,43840200,AAPL
2024-09-05,222.13560485839844,225.23218875186365,221.2765494057299,221.38642912323468,36615400,AAPL
2024-09-06,220.57733154296875,224.99247224215048,219.5284824188554,223.7038813850335,48423000,AAPL
2024-09-09,220.66722106933594,221.0268260349447,216.47183996524672,220.57732363843863,67180000,AAPL
2024-09-10,219.86810302734375,221.23659254048482,216.49181271910507,218.67940838073807,51591000,AAPL
2024-09-11,222.41529846191406,222.84481857216005,217.65053646391294,221.21662032032157,44587100,AAPL
2024-09-12,222.52517700195312,223.30431855196207,219.57842214055833,222.25546946786713,37498200,AAPL
2024-09-13,222.25547790527344,223.7937787761964,221.66612995902517,223.33429284055268,36766600,AAPL
2024-09-16,216.082275390625,216.98128020943747,213.6849038037586,216.302019591785,59357400,AAPL
2024-09-17,216.55174255371094,216.6616222741377,214.26426595466958,215.51289221314667,45519300,AAPL
2024-09-18,220.4474639892578,222.46524827574677,217.30091669603667,217.31091546092293,59894900,AAPL
2024-09-19,228.61846923828125,229.56743739121873,224.38313871157,224.74274368478322,66781300,AAPL
2024-09-20,227.94920349121094,232.83382873595048,227.36983908638868,229.7172625160979,318679900,AAPL
2024-09-23,226.2211151123047,229.19783588273827,225.56183678133013,227.09015412184934,54146000,AAPL
2024-09-24,227.1201171875,229.09795215651428,225.48192014495527,228.39870925768025,43556100,AAPL
2024-09-25,226.1212158203125,227.04020291666632,223.77380760174057,224.6827959331431,42308700,AAPL
2024-09-26,227.26995849609375,228.24887720276465,225.16227678839184,227.05019905798116,36636700,AAPL
2024-09-27,227.53965759277344,229.26776733886913,227.05020584581527,228.20893469195548,34026000,AAPL
2024-09-30,232.7439422607422,232.7439422607422,229.39761768078608,229.78718847660608,54541900,AAPL
2024-10-01,225.96141052246094,229.3976172900359,223.49412373913023,229.2677705196639,63285000,AAPL
2024-10-02,226.53077697753906,227.12012493395358,222.77491454853467,225.64175566026316,32880600,AAPL
2024-10-03,225.42198181152344,226.56072831643584,223.0745736591087,224.8925655126969,34044200,AAPL
2024-10-04,226.55075073242188,227.74942888869526,223.88368688105714,227.6495326914976,37245100,AAPL
2024-10-07,221.4463653564453,225.44196936055414,221.08676038639473,224.25327473060864,39505400,AAPL
2024-10-08,225.52188110351562,225.73164177618557,223.0046463373399,224.05349542674807,31855700,AAPL
2024-10-09,229.28773498535156,229.49751090746852,224.58291968465133,224.9824739985636,33591100,AAPL
2024-10-10,228.7882843017578,229.24778548023318,226.9203442604764,227.5296744960524,28183500,AAPL
2024-10-11,227.2999267578125,229.15788323697032,227.09015084025384,229.04800351672907,31759200,AAPL
2024-10-14,231.04580688476562,231.47532700331138,228.34877720356226,228.44865815944695,39882100,AAPL
2024-10-15,233.59300231933594,237.22900130875718,232.11461788171079,233.3532605949055,64751400,AAPL
2024-10-16,231.5252685546875,231.86489123072647,229.5873982094942,231.34547369396782,34082200,AAPL
2024-10-17,231.89486694335938,233.59301088010824,230.26666863657624,233.17345903647427,32993800,AAPL
2024-10-18,234.74172973632812,235.9204255737285,233.75281228137578,235.9204255737285,46431500,AAPL
2024-10-21,236.22010803222656,236.5897117727769,234.19234018879644,234.19234018879644,36254500,AAPL
2024-10-22,235.60079956054688,235.96040454410334,232.3443876620224,233.6329632952546,38846600,AAPL
2024-10-23,230.5063934326172,234.88158476901867,227.50969037853835,233.822752128634,52287000,AAPL
2024-10-24,230.31661987304688,230.56634513279107,228.15898997077215,229.7272566761152,31109500,AAPL
2024-10-25,231.1556854248047,232.96369380669327,229.3177112321018,229.4875225740561,38802300,AAPL
2024-10-28,233.14349365234375,234.472033847566,232.29443692443334,233.06359498314518,36087100,AAPL
2024-10-29,233.41319274902344,234.07247106119948,232.06468555632105,232.84382710997653,35417200,AAPL
2024-10-30,229.8471221923828,233.21341362628857,229.29772360355057,232.35435817157438,47070900,AAPL
2024-10-31,225.66172790527344,229.57741798472995,225.1223128313268,229.08795100904055,64370100,AAPL
2024-11-01,222.66502380371094,225.10234466312102,220.02792579428782,220.72715344034327,65276700,AAPL
2024-11-04,221.76600646972656,222.54514803369162,219.46854635353304,220.74713841963055,44944500,AAPL
2024-11-05,223.2044219970703,223.70387248945224,220.896963160989,221.5562414690178,28111300,AAPL
2024-11-06,222.47523498535156,225.82155947797517,220.94691765378838,222.36535526416637,54561100,AAPL
2024-11-07,227.22999572753906,227.629565273657,224.32320539488208,224.38313701629485,42137700,AAPL
2024-11-08,226.9600067138672,228.66000366210938,226.41000366210938,227.1699981689453,38328800,AAPL
2024-11-11,224.22999572753906,225.6999969482422,221.5,225.0,42005600,AAPL
2024-11-12,224.22999572753906,225.58999633789062,223.36000061035156,224.5500030517578,40398300,AAPL
2024-11-13,225.1199951171875,226.64999389648438,222.75999450683594,224.00999450683594,48566200,AAPL
2024-11-14,228.22000122070312,228.8699951171875,225.0,225.02000427246094,44923900,AAPL
2024-11-15,225.0,226.9199981689453,224.27000427246094,226.39999389648438,47923700,AAPL
2024-11-18,228.02000427246094,229.74000549316406,225.1699981689453,225.25,44686000,AAPL
2024-11-19,228.27999877929688,230.16000366210938,226.66000366210938,226.97999572753906,36211800,AAPL
2024-11-20,229.0,229.92999267578125,225.88999938964844,228.05999755859375,35169600,AAPL
2024-11-21,228.52000427246094,230.16000366210938,225.7100067138672,228.8800048828125,42108300,AAPL
2024-11-22,229.8699951171875,230.72000122070312,228.05999755859375,228.05999755859375,38168300,AAPL
2024-11-25,232.8699951171875,233.25,229.74000549316406,231.4600067138672,90152800,AAPL
2024-11-26,235.05999755859375,235.57000732421875,233.3300018310547,233.3300018310547,45986200,AAPL
2024-11-27,234.92999267578125,235.69000244140625,233.80999755859375,234.47000122070312,33498400,AAPL
2024-11-29,237.3300018310547,237.80999755859375,233.97000122070312,234.80999755859375,28481400,AAPL
2024-12-02,239.58999633789062,240.7899932861328,237.16000366210938,237.27000427246094,48137100,AAPL
2024-12-03,242.64999389648438,242.75999450683594,238.89999389648438,239.80999755859375,38861000,AAPL
2024-12-04,243.00999450683594,244.11000061035156,241.25,242.8699951171875,44383900,AAPL
2024-12-05,243.0399932861328,244.5399932861328,242.1300048828125,243.99000549316406,40033900,AAPL
2024-12-06,242.83999633789062,244.6300048828125,242.0800018310547,242.91000366210938,36870600,AAPL
2024-12-09,246.75,247.24000549316406,241.75,241.8300018310547,44649200,AAPL
2024-12-10,247.77000427246094,248.2100067138672,245.33999633789062,246.88999938964844,36914800,AAPL
2024-12-11,246.49000549316406,250.8000030517578,246.25999450683594,247.9600067138672,45205800,AAPL
2024-12-12,247.9600067138672,248.74000549316406,245.67999267578125,246.88999938964844,32777500,AAPL
2024-12-13,248.1300048828125,249.2899932861328,246.24000549316406,247.82000732421875,33155300,AAPL
2024-12-16,251.0399932861328,251.3800048828125,247.64999389648438,247.99000549316406,51694800,AAPL
2024-12-17,253.47999572753906,253.8300018310547,249.77999877929688,250.0800018310547,51356400,AAPL
2024-12-18,248.0500030517578,254.27999877929688,247.74000549316406,252.16000366210938,56774100,AAPL
2024-12-19,249.7899932861328,252.0,247.08999633789062,247.5,60882300,AAPL
2024-12-20,254.49000549316406,255.0,245.69000244140625,248.0399932861328,147495300,AAPL
2024-12-23,255.27000427246094,255.64999389648438,253.4499969482422,254.77000427246094,40858800,AAPL
2024-12-24,258.20001220703125,258.2099914550781,255.2899932861328,255.49000549316406,23234700,AAPL
2024-12-26,259.0199890136719,260.1000061035156,257.6300048828125,258.19000244140625,27237100,AAPL
2024-12-27,255.58999633789062,258.70001220703125,253.05999755859375,257.8299865722656,42317100,AAPL
2024-01-02,137.67092895507812,138.94630438637614,135.9870307924664,138.0495612625078,23711200,GOOGL
2024-01-03,138.418212890625,139.12565502832445,136.58486270222102,136.7542468301381,24212100,GOOGL
2024-01-04,135.89735412597656,138.65735304986882,135.85750529693797,137.92002048142746,27137700,GOOGL
2024-01-05,135.23974609375,136.66458891457754,134.66183919892327,136.25606616421598,22506000,GOOGL
2024-01-08,138.3385009765625,138.50788510563882,135.76781821050795,135.79770863307002,21404000,GOOGL
2024-01-09,140.44090270996094,140.97896080972643,137.6510129285237,137.9997548525819,24759600,GOOGL
2024-01-10,141.76608276367188,142.48348333662574,140.40103607520302,140.4907073459037,21320200,GOOGL
2024-01-11,141.5668182373047,144.6954761563001,140.1320169897214,142.97172905920294,24008700,GOOGL
2024-01-12,142.13473510742188,142.68275152112463,141.3077464874483,142.15466712346748,18768600,GOOGL
2024-01-16,141.97532653808594,143.82860876024412,140.93907454092556,141.4870909621475,22670500,GOOGL
2024-01-17,140.9590301513672,141.3276888947719,138.39830535616042,140.83946844078756,20968600,GOOGL
2024-01-18,142.9617462158203,143.68912040365055,141.47713782375382,141.5369186712633,25746400,GOOGL
2024-01-19,145.85128784179688,145.9210270994899,143.85851173882352,144.21721204550573,33300700,GOOGL
2024-01-22,145.4626922607422,147.85401742312334,145.31322493579674,146.56868356917025,32200400,GOOGL
2024-01-23,146.50889587402344,146.6483895963913,144.97446492797684,145.36305566912128,21636100,GOOGL
2024-01-24,148.16290283203125,149.30875823368288,147.56507911278618,148.00347709209575,25233500,GOOGL
2024-01-25,151.32144165039062,152.4971874037259,148.99985577128933,149.52795540200455,29149100,GOOGL
2024-01-26,151.64028930664062,151.98901597789123,150.4645435827961,150.55423005590535,26115500,GOOGL
2024-01-29,152.9555206298828,153.22454965433968,150.88303170821908,151.51076103072688,27784300,GOOGL
2024-01-30,150.91293334960938,153.0651198773838,150.6439043322597,152.24808962231998,36331800,GOOGL
2024-01-31,139.59396362304688,143.47987070654617,139.3647834384674,143.10123840478371,71910000,GOOGL
2024-02-01,140.650146484375,142.5432777745924,140.2814725524416,141.60667053706408,40466500,GOOGL
2024-02-02,141.86573791503906,142.1048613208855,136.00697121299544,138.75699680595707,62470600,GOOGL
2024-02-05,143.1610107421875,144.94455365415317,142.26426768504354,142.30413171637227,38505400,GOOGL
2024-02-06,143.57952880859375,144.83497231956045,142.67281200439112,144.12753009117665,29128200,GOOGL
2024-02-07,145.01431274414062,145.09402561403104,143.41012734632514,144.23713126730334,25208900,GOOGL
2024-02-08,145.3829803466797,145.8014614926525,144.5759084791839,145.30326748025513,22563800,GOOGL
2024-02-09,148.46182250976562,148.90023569338922,145.65200085309178,146.15019488835944,26829500,GOOGL
2024-02-12,146.9971160888672,148.80057588309657,146.8376903646867,147.88390077456958,21564100,GOOGL
2024-02-13,144.61575317382812,146.14022559186256,143.17099361993803,144.39654659834972,27837700,GOOGL
2024-02-14,145.41287231445312,145.9907791994086,143.5695483675491,145.5523660312579,22704200,GOOGL
2024-02-15,142.2543182373047,143.00160923320863,139.9526644025084,142.62297693010822,37590700,GOOGL
2024-02-16,140.012451171875,142.6728054053805,139.6338188527591,142.47353083877866,31451100,GOOGL
2024-02-20,140.6102752685547,141.56681447608818,138.9861731026745,139.15555724494791,25144700,GOOGL
2024-02-21,142.0351104736328,142.17460418355395,140.17185460093927,140.93907760734248,23315700,GOOGL
2024-02-22,143.56954956054688,144.47626632914975,142.28421567385627,144.40651186833028,27191900,GOOGL
2024-02-23,143.4400177001953,144.15740304546077,142.91191809295157,143.15105667715588,19493800,GOOGL
2024-02-26,137.0731201171875,141.92552536635725,136.89376235078677,141.6266058914734,53641800,GOOGL
2024-02-27,138.37835693359375,138.74701559279427,136.59481407188093,137.52146272824896,33099200,GOOGL
2024-02-28,135.8874053955078,137.511507557848,134.92090778300894,137.4019042655953,37328600,GOOGL
2024-02-29,137.95989990234375,138.35844905187955,135.90732769157543,136.7841540649648,42133000,GOOGL
2024-03-01,136.6446533203125,138.36840034880373,136.42544673822982,137.9299871846384,31119500,GOOGL
2024-03-04,132.86834716796875,135.17000103766665,131.43354600148837,135.17000103766665,55999400,GOOGL
2024-03-05,132.1907958984375,132.75874436377524,130.1980198718621,131.40365605755701,40194800,GOOGL
2024-03-06,130.9253692626953,133.09750287827276,130.37736805851614,132.63915773615787,35318600,GOOGL
2024-03-07,133.89462280273438,134.4525976438854,131.1346238166757,132.31035434571908,37738200,GOOGL
2024-03-08,134.9208984375,137.59121089480263,133.51598775330365,133.72523591626486,39343100,GOOGL
2024-03-11,137.1727294921875,138.59757218986644,135.6382987137455,135.6382987137455,32437800,GOOGL
2024-03-12,137.99974060058594,138.87656692228538,136.53504899669008,136.53504899669008,27563400,GOOGL
2024-03-13,139.28506469726562,140.58037207166473,138.48796650102636,138.4979249071936,23347200,GOOGL
2024-03-14,142.5831298828125,143.07135027588964,139.95266615248607,140.68002514056542,42753400,GOOGL
2024-03-15,140.6700439453125,142.66281985185842,139.52420388051803,141.98528334139613,49460600,GOOGL
2024-03-18,147.14657592773438,151.6004316065011,146.63842350936574,148.07322469496503,69273700,GOOGL
2024-03-19,146.49893188476562,148.25256935681344,145.55236629021525,147.6248552319126,24070400,GOOGL
2024-03-20,148.2027587890625,148.3223204856581,146.20998275953795,147.46542618481558,21311500,GOOGL
2024-03-21,147.06687927246094,149.82686316822054,146.36939548869663,148.93012002291613,24755600,GOOGL
2024-03-22,150.22543334960938,151.0325052525323,148.44189019287876,148.58138391432624,29175700,GOOGL
2024-03-25,149.5279541015625,149.8368319482388,147.28608110690303,149.3984187966953,19229300,GOOGL
2024-03-26,150.1257781982422,151.71003147002185,149.43826804536724,149.67740663878985,22149100,GOOGL
2024-03-27,150.32504272460938,151.09226569075258,148.3621572785026,150.63392055153534,22879200,GOOGL
2024-03-28,150.3848419189453,150.88303594669563,149.6275924700879,150.3051442537394,24485400,GOOGL
2024-04-01,154.92837524414062,155.1774722435792,150.0659969499238,150.14570981418507,31730800,GOOGL
2024-04-02,154.00172424316406,154.14121795265817,151.60042555488943,152.9455554136123,24586000,GOOGL
2024-04-03,154.3604278564453,154.5198535860717,152.17833569366672,153.04520359621367,24705000,GOOGL
2024-04-04,149.98629760742188,154.21098857209273,149.90658473597423,152.9455714438344,34724700,GOOGL
2024-04-05,151.9491729736328,152.86584812713113,149.05965379855488,149.48809334917573,23449300,GOOGL
2024-04-08,154.29067993164062,154.70916104563747,152.0587654533173,152.22814958014885,20702000,GOOGL
2024-04-09,156.03436279296875,157.98727470773983,154.6294521008992,155.5261951959325,31113000,GOOGL
2024-04-10,155.57601928710938,156.04432285610454,154.12128614016555,155.6457737437859,22838600,GOOGL
2024-04-11,158.83421325683594,159.10322706769728,155.89487172481208,156.34324327992178,27166400,GOOGL
2024-04-12,157.1602783203125,159.64128996632022,156.57241303671086,157.3894585118247,25329200,GOOGL
2024-04-15,154.3006591796875,158.664843849483,154.0316301401818,158.28621151267316,27136500,GOOGL
2024-04-16,153.84230041503906,155.0877854093437,152.87580284316473,153.63306745005346,20779500,GOOGL
2024-04-17,154.908447265625,156.5126325919776,154.02166253265213,155.05789938771466,21763100,GOOGL
2024-04-18,155.4464874267578,156.37313617874938,154.06150870581618,154.7789092868179,19883000,GOOGL
2024-04-19,153.53341674804688,155.79522166897988,151.74988899343913,155.63579594687147,32239100,GOOGL
2024-04-22,155.71551513671875,157.07060342236827,153.50353256450154,153.75262956404245,26446200,GOOGL
2024-04-23,157.6883544921875,158.39579663975618,155.71551057070164,156.3930622954958,21151600,GOOGL
2024-04-24,158.55523681640625,158.99364999529317,156.60230952963957,156.92116100653016,22779100,GOOGL
2024-04-25,155.4365234375,155.92475901649166,150.32504828236043,150.7833934385234,57109700,GOOGL
2024-04-26,171.3289337158203,174.0789746497095,169.03723800547138,173.7401911350597,64665300,GOOGL
2024-04-29,165.54986572265625,168.93759415954082,164.61327374203753,168.44935854969052,45610000,GOOGL
2024-04-30,162.19204711914062,167.49283889377236,162.01270456618366,165.01182715214094,33562900,GOOGL
2024-05-01,163.26812744140625,166.51634663228762,162.50090447534802,163.7065405648681,33493200,GOOGL
2024-05-02,166.01815795898438,166.12776124334462,163.2980230699924,164.1947661575407,24294500,GOOGL
2024-05-03,166.63592529296875,167.35332582922283,162.46105737339033,166.95476152926307,34662400,GOOGL
2024-05-06,167.4928436279297,167.53269246182137,165.43031298857602,166.85515585993315,21871300,GOOGL
2024-05-07,170.63143920898438,171.13959159841556,167.78176901755162,167.8913723019788,28039700,GOOGL
2024-05-08,168.76821899414062,169.53542687427006,168.1305312267856,168.38958665601007,19569100,GOOGL
2024-05-09,169.3461151123047,170.07347411221014,167.57253044363202,168.77816664131814,15346700,GOOGL
2024-05-10,168.0408477783203,169.23652566691624,165.58974155478566,167.42309201857475,29799900,GOOGL
2024-05-13,168.52906799316406,168.66856170690536,163.40763421198423,163.6666896221682,31327600,GOOGL
2024-05-14,169.7247314453125,170.63144819115178,168.19030058623227,169.15679818060167,25127100,GOOGL
2024-05-15,171.88690185546875,172.02639557823605,169.89412569954976,170.01370260740424,26948400,GOOGL
2024-05-16,173.5508575439453,174.48746471273262,172.06624912861932,172.66407281675458,27867900,GOOGL
2024-05-17,175.424072265625,175.633320439319,173.06263752478722,173.55085792394883,24479300,GOOGL
2024-05-20,176.28097534179688,178.12429935090404,175.44401301272487,175.5536163084611,22554400,GOOGL
2024-05-21,177.20761108398438,177.50651531969976,175.1749710590742,176.2610303253048,16989400,GOOGL
2024-05-22,175.742919921875,176.51012773355617,174.5771477888585,176.00197532798722,17880000,GOOGL
2024-05-23,172.9231414794922,177.60616206688846,172.3253025944312,176.43043151758945,21024900,GOOGL
2024-05-24,174.35794067382812,175.13512209343565,173.02276920607682,174.34796706352915,16572500,GOOGL
2024-05-28,175.76284790039062,176.62971585206563,173.7401813526077,173.81989422193845,20572200,GOOGL
2024-05-29,175.2646484375,176.20125561851225,174.08891785958235,174.7963448469939,23388700,GOOGL
2024-05-30,171.4883575439453,174.5871251619717,171.1695060522383,174.56719314282103,22958700,GOOGL
2024-05-31,171.87692260742188,172.43489743083498,168.82797789114755,171.23923492299636,37638900,GOOGL
2024-06-03,172.5445098876953,173.89959818960278,170.5417754606809,171.91678057614513,27459100,GOOGL
2024-06-04,173.16226196289062,173.22205801333217,171.26913086477708,172.65410956169362,26879600,GOOGL
2024-06-05,174.7764434814453,176.01195501779563,173.30177811970134,174.56719528698295,22068500,GOOGL
2024-06-06,176.09164428710938,176.51012541626176,175.11518831908717,175.2646404353294,23251000,GOOGL
2024-06-07,173.82986450195312,177.2275361704782,173.67043876634654,176.41050588192562,19661400,GOOGL
2024-06-10,174.5780029296875,176.62294579014605,172.33355678991887,174.5381083622753,23779200,GOOGL
2024-06-11,176.18402099609375,176.4034791591506,173.3410651546964,175.7850144566034,21540600,GOOGL
2024-06-12,177.3511199951172,179.96466289474736,175.67527436890197,177.80999118579393,27864700,GOOGL
2024-06-13,174.72763061523438,176.3037322967602,174.44832299786256,175.67528254711183,20913300,GOOGL
2024-06-14,176.3535919189453,176.62292969308552,173.72010929713878,173.78994381015124,18063600,GOOGL
2024-06-17,176.802490234375,177.91972065432515,174.37848075115542,175.02688536504445,19618500,GOOGL
2024-06-18,174.65780639648438,176.95213214968163,173.6702598415333,176.70274924653248,21869900,GOOGL
2024-06-20,175.8648223876953,176.8523689204245,174.55805843997848,174.93711009387113,20160100,GOOGL
2024-06-21,179.1865997314453,180.40358945734673,176.1740501459251,176.5630868470822,58582700,GOOGL
2024-06-24,178.77760314941406,180.44347898846334,178.22895776023654,179.715285228895,18298000,GOOGL
2024-06-25,183.5757293701172,183.8350820927234,178.97710832976765,179.17661159493576,23235600,GOOGL
2024-06-26,183.4261016845703,184.05453619494568,182.02954841692073,182.179187278342,19839000,GOOGL
2024-06-27,184.95233154296875,185.59075113718478,183.56576327329066,183.72535675600184,18848900,GOOGL
2024-06-28,181.70037841796875,184.67303360352557,181.51086019599327,183.86503542704605,29156600,GOOGL
2024-07-01,182.53831481933594,183.4261173435166,180.85248396281747,182.57820938644684,16006100,GOOGL
2024-07-02,184.78274536132812,185.11193259145267,181.11182143055515,181.600617357914,17372500,GOOGL
2024-07-03,185.361328125,185.63065069620225,183.54581331756708,184.39372126101637,10242100,GOOGL
2024-07-05,190.1295166015625,190.38886932097915,185.34136219079565,185.4012116474977,20967500,GOOGL
2024-07-08,188.56338500976562,189.70057035182427,187.31647058991524,189.43123257522205,21035900,GOOGL
2024-07-09,188.51351928710938,190.88764938829925,188.2541665482638,189.84023815417876,15121400,GOOGL
2024-07-10,190.70806884765625,191.27666912067295,188.56338216630394,188.6830810780451,15952500,GOOGL
2024-07-11,185.1119384765625,190.38887371973013,184.62314253366378,189.38137232601392,25625800,GOOGL
2024-07-12,184.61317443847656,186.64813213816686,184.03460430299506,184.6231442745435,22898400,GOOGL
2024-07-15,186.06954956054688,187.77533512360395,184.46352323598353,184.46352323598353,16474000,GOOGL
2024-07-16,183.46600341796875,188.21424818283919,182.91735801356307,186.8975144333893,18290700,GOOGL
2024-07-17,180.5731658935547,183.09691950366312,179.4559202044025,182.5183493766844,20734100,GOOGL
2024-07-18,177.2513885498047,182.04951300513554,176.03439880682015,181.48091269947318,25315700,GOOGL
2024-07-19,177.22146606445312,179.84496379774254,176.6927755390493,178.4384558228494,18881900,GOOGL
2024-07-22,181.2215576171875,182.24901391161868,179.78510972796855,180.14422170027328,24100300,GOOGL
2024-07-23,181.3412628173828,183.15677763502865,181.09187991745063,181.60063077483179,36352700,GOOGL
2024-07-24,172.20387268066406,175.7550824876713,171.39587457774786,173.17147948125148,49585200,GOOGL
2024-07-25,166.86708068847656,172.9919239516059,166.77730649977468,172.09415162233938,44852000,GOOGL
2024-07-26,166.5877685546875,167.67507428919038,163.65502336750666,166.73739219847286,41336900,GOOGL
2024-07-29,169.1115264892578,170.00929881723164,167.57533456289457,168.41325743181997,20293800,GOOGL
2024-07-30,169.86964416503906,170.80732627515368,168.0242198953097,169.81977976349475,18959700,GOOGL
2024-07-31,171.11656188964844,173.81987919012954,169.59033977786405,172.8123777659636,25729100,GOOGL
2024-08-01,170.33848571777344,173.62037311276333,168.46313671318876,169.82975009576955,24531400,GOOGL
2024-08-02,166.2486114501953,168.09403568140388,164.26351818998194,166.0291532919356,29130100,GOOGL
2024-08-05,158.85690307617188,164.02410932064197,154.54755937261288,155.11615967563407,53630700,GOOGL
2024-08-06,157.89926147460938,160.17364739940209,156.02391252139645,158.9367028046725,49004600,GOOGL
2024-08-07,158.54766845703125,162.57768925896593,158.07882740651024,160.8519639234384,25138600,GOOGL
2024-08-08,161.63003540039062,163.2859414220711,159.81453589918704,160.11378318649506,25578800,GOOGL
2024-08-09,163.2659912109375,163.38569012929312,158.66737003691415,159.61502198985195,28602300,GOOGL
2024-08-12,161.88938903808594,164.49294700024495,161.44050288346338,163.94431682299714,15895300,GOOGL
2024-08-13,163.75477600097656,164.32336104553403,162.56771107111587,163.0066273700011,18551700,GOOGL
2024-08-14,159.97412109375,162.81709194492808,157.32069888325617,161.9991088123198,40591100,GOOGL
2024-08-15,160.90184020996094,161.24099727999334,159.21600947445663,160.10381193490807,31524300,GOOGL
2024-08-16,162.5577392578125,164.65254626638267,160.73225479390817,161.07141184942105,24208600,GOOGL
2024-08-19,166.25857543945312,166.27853033162688,163.85452084013636,164.87200724527577,22416200,GOOGL
2024-08-20,166.76731872558594,168.2237214990038,166.4082219766287,166.48801110675902,18341500,GOOGL
2024-08-21,165.44061279296875,166.43814433776538,164.26351765512456,164.74232853471239,22902000,GOOGL
2024-08-22,163.39566040039062,167.17629803386515,162.906864492798,166.84711081705245,22493300,GOOGL
2024-08-23,165.21116638183594,165.7697816007338,163.42559164849283,164.31339409733906,13955700,GOOGL
2024-08-26,165.74984741210938,167.13641566956838,164.05404680689762,165.96930557266754,14190400,GOOGL
2024-08-27,164.27349853515625,166.02916391355154,164.05405558398127,165.43063885798506,11821900,GOOGL
2024-08-28,162.44802856445312,165.19124048836477,161.13127953483584,164.63261000175098,16407400,GOOGL
2024-08-29,161.3806610107422,165.56032084961527,159.85443888061718,163.90441474074623,19699800,GOOGL
2024-08-30,162.97671508789062,163.2560227137605,161.2908842753107,162.21858134242328,22123800,GOOGL
2024-09-03,156.97157287597656,161.45049523076827,156.0937401989441,161.32081125226367,38945300,GOOGL
2024-09-04,156.06381225585938,158.60752082271256,155.57503152440304,156.2733005844292,19353800,GOOGL
2024-09-05,156.85186767578125,159.05640389536052,155.59496817105187,155.9141855757843,18688700,GOOGL
2024-09-06,150.54745483398438,157.44040127478374,150.17837304317212,156.91171078806016,37912100,GOOGL
2024-09-09,148.53976440429688,153.2243825181643,147.05146466034253,152.3354019943942,39260500,GOOGL
2024-09-10,148.4898223876953,151.0968351518263,148.17018139774882,150.27776654607942,31118800,GOOGL
2024-09-11,150.98695373535156,151.3265608410383,147.35112146407118,149.7483678165099,29607700,GOOGL
2024-09-12,154.51292419433594,154.64278025669208,152.4752509078758,153.623943613462,29695000,GOOGL
2024-09-13,157.27975463867188,158.19869964127616,155.0323303223496,155.25206445570748,29591200,GOOGL
2024-09-16,157.87905883789062,158.06884377455685,156.42073870376782,157.12991739820077,18379800,GOOGL
2024-09-17,159.1376190185547,160.36620665654814,158.1986926846348,158.83795940795798,20715600,GOOGL
2024-09-18,159.62705993652344,160.31627251867317,158.41845358227067,159.67700574881235,23677300,GOOGL
2024-09-19,161.9543914794922,163.602496564332,161.15530422207948,163.52260155578028,26587700,GOOGL
2024-09-20,163.40272521972656,163.5425643438158,161.87447792027933,163.31283190595235,40896400,GOOGL
2024-09-23,161.6647186279297,165.30055091054933,161.4849167682097,164.16185660339156,24150900,GOOGL
2024-09-24,162.1042022705078,163.03314552379246,160.50604310941137,162.84336059885683,23332100,GOOGL
2024-09-25,161.3051300048828,162.62361092925534,161.11534508030692,161.28514863352729,18869200,GOOGL
2024-09-26,162.543701171875,163.89216177797897,162.0942193836139,163.4526630547652,20319300,GOOGL
2024-09-27,163.76231384277344,165.51031051590132,162.44383284910126,162.6236194767887,21101300,GOOGL
2024-09-30,165.66014099121094,165.9597853581085,163.0730944402025,163.1330385549028,20413900,GOOGL
2024-10-01,166.79884338378906,168.9663574434244,164.39159857770997,167.49803900926474,28338100,GOOGL
2024-10-02,165.67013549804688,167.32823890222443,164.54142416704428,166.22949200998104,17760200,GOOGL
2024-10-03,165.67013549804688,166.4492413884297,163.73235383790225,164.22179840650557,15073100,GOOGL
2024-10-04,166.86875915527344,168.03741799352926,165.29056599793975,167.8676144263969,19047400,GOOGL
2024-10-07,162.79342651367188,168.2871304607625,162.56369407072728,167.52800594767675,22463100,GOOGL
2024-10-08,164.19183349609375,164.54142369438745,162.68355229004484,163.75233474045888,23072700,GOOGL
2024-10-09,161.67471313476562,164.65129754460094,159.5571448589351,163.26288934163853,31181800,GOOGL
2024-10-10,161.8944549560547,162.88332710504665,160.21637027061266,160.6858334406201,14144100,GOOGL
2024-10-11,163.05313110351562,163.7123639633056,161.05542066959453,161.94440120303656,15344300,GOOGL
2024-10-14,164.7711639404297,166.03969909717978,163.21293699316715,163.45266773305087,19016100,GOOGL
2024-10-15,165.27059936523438,167.48804403838992,164.44154766375664,165.6002081913426,20247200,GOOGL
2024-10-16,164.97093200683594,165.61019873881125,163.55255942155696,164.34164834019793,16406000,GOOGL
2024-10-17,162.74346923828125,166.179533539939,162.5736656844729,165.54026682623436,21453400,GOOGL
2024-10-18,163.23292541503906,164.52145724074808,162.89331828319396,163.0031929718876,19757700,GOOGL
2024-10-21,163.88218688964844,164.3116873279236,162.43383459552447,162.76345865438103,20946500,GOOGL
2024-10-22,164.95095825195312,165.5802419476502,162.79342721641044,162.79342721641044,16568100,GOOGL
2024-10-23,162.59365844726562,165.63018698109346,161.74462537741965,164.57138759989343,18280500,GOOGL
2024-10-24,162.53372192382812,163.14302421507978,160.82567279873874,162.64359660721192,22412500,GOOGL
2024-10-25,165.080810546875,165.4004362996681,163.2329222477887,163.48263605894513,19828900,GOOGL
2024-10-28,166.52914428710938,168.55681917401554,163.76231104702376,168.55681917401554,32138600,GOOGL
2024-10-29,169.48574829101562,170.18495914581706,166.89871690047832,167.5379836387061,42169000,GOOGL
2024-10-30,174.26028442382812,181.8116272766613,173.86073320012326,180.47314972890098,68890800,GOOGL
2024-10-31,170.91412353515625,176.61759375547854,170.80424884729752,172.93181542068857,44769000,GOOGL
2024-11-01,171.09390258789062,172.1227374784499,168.68667310994414,169.87531325104803,31796500,GOOGL
2024-11-04,169.0462646484375,170.53454918701203,167.81766174152193,169.7354619545759,21492700,GOOGL
2024-11-05,169.5457000732422,170.33478903527796,168.64672117984685,169.2360421349021,18242100,GOOGL
2024-11-06,176.3079376220703,176.73745331219902,173.30138875645662,173.60104838470335,33695500,GOOGL
2024-11-07,180.5430908203125,180.87271488977294,176.9871684826014,177.20691786224168,25352900,GOOGL
2024-11-08,178.14584350585938,180.69291225137096,177.87614831538193,180.44319843386418,22006200,GOOGL
2024-11-11,180.1435546875,180.3433226939525,178.26570189593804,178.37557658568522,17450400,GOOGL
2024-11-12,181.41207885742188,182.28109325658866,179.18463600062077,179.61415166757834,25134900,GOOGL
2024-11-13,178.67523193359375,180.75285268181247,178.3356095653103,180.25342505699032,23184000,GOOGL
2024-11-14,175.37899780273438,178.6152941368307,174.12044573791286,178.0759037938209,31007500,GOOGL
2024-11-15,172.29254150390625,173.9406465119526,171.02399111342126,173.5311122159291,32504600,GOOGL
2024-11-18,175.0993194580078,175.23915857623498,172.70205783527248,173.2214668063966,20206600,GOOGL
2024-11-19,177.9160919189453,178.66523335503967,173.3613144261031,173.52113492372038,23434900,GOOGL
2024-11-20,175.77853393554688,177.47658472831748,173.58105554247194,177.13697761802752,18997100,GOOGL
2024-11-21,167.4381103515625,173.93066947333787,163.51260129552495,173.70092179220046,59734400,GOOGL
2024-11-22,164.57138061523438,166.26944668285782,163.7123645160949,165.66014438880168,38604600,GOOGL
2024-11-25,167.45806884765625,168.43695792128977,165.4204109377555,165.8998571680873,33135300,GOOGL
2024-11-26,168.9263916015625,169.62560245554164,167.38816125371517,167.43810706347386,20486700,GOOGL
2024-11-27,169.03627014160156,169.28598395476882,167.8276638210122,168.80653770105775,19266500,GOOGL
2024-11-29,168.756591796875,169.236038050321,166.96864760176737,168.30710998168675,14257200,GOOGL
2024-12-02,171.29368591308594,171.88300683066288,168.37703052095557,168.5767985152317,23789100,GOOGL
2024-12-03,171.1438446044922,172.4823069012363,170.65441531581507,171.29368202779142,22248700,GOOGL
2024-12-04,174.17037963867188,174.70976999200622,170.86417130279446,170.95406461457648,31615100,GOOGL
2024-12-05,172.44236755371094,175.858450636237,172.13272486876673,175.15925501840792,21356200,GOOGL
2024-12-06,174.510009765625,174.8795813358406,171.6632661685559,171.83306973436635,21462400,GOOGL
2024-12-09,175.3699951171875,176.25999450683594,173.64999389648438,173.9600067138672,25389600,GOOGL
2024-12-10,185.1699981689453,186.36000061035156,181.0500030517578,182.85000610351562,54813000,GOOGL
2024-12-11,195.39999389648438,195.61000061035156,184.85000610351562,185.30999755859375,67894100,GOOGL
2024-12-12,191.9600067138672,195.17999267578125,191.7100067138672,195.0,34817500,GOOGL
2024-12-13,189.82000732421875,192.72999572753906,189.63999938964844,191.00999450683594,25143500,GOOGL
2024-12-16,196.66000366210938,199.0,192.6199951171875,192.8699951171875,44934900,GOOGL
2024-12-17,195.4199981689453,201.4199981689453,194.97999572753906,197.25,43504000,GOOGL
2024-12-18,188.39999389648438,197.0,187.74000549316406,195.22000122070312,34166100,GOOGL
2024-12-19,188.50999450683594,193.02999877929688,188.3800048828125,191.6300048828125,32265200,GOOGL
2024-12-20,191.41000366210938,192.88999938964844,185.22000122070312,185.77999877929688,63462900,GOOGL
2024-12-23,194.6300048828125,195.10000610351562,190.14999389648438,192.6199951171875,25675000,GOOGL
2024-12-24,196.11000061035156,196.11000061035156,193.77999877929688,194.83999633789062,10403300,GOOGL
2024-12-26,195.60000610351562,196.75,194.3800048828125,195.14999389648438,12046600,GOOGL
2024-12-27,192.75999450683594,195.32000732421875,190.64999389648438,194.9499969482422,18868900,GOOGL
2024-01-02,368.8540954589844,373.85675319437513,364.77637533441424,371.8278333128194,25258600,MSFT
2024-01-03,368.5855712890625,371.2311162250648,366.5069353432814,367.00421754136386,23083500,MSFT
2024-01-04,365.94000244140625,371.071958032483,365.17419883301005,368.65517399212956,20901500,MSFT
2024-01-05,365.75103759765625,370.0376074932349,364.5078321673447,366.9644073117081,20987000,MSFT
2024-01-08,372.6533508300781,373.1605884048141,367.0042321198686,367.292633952991,23134000,MSFT
2024-01-09,373.74737548828125,373.94627016317753,369.17237304189894,369.9879231585575,20830000,MSFT
2024-01-10,380.68939208984375,382.0818064859509,374.2744701293323,374.32418620703794,25514200,MSFT
2024-01-11,382.5393371582031,388.55644006426115,378.3124381584288,383.9018856265645,27850800,MSFT
2024-01-12,386.3584289550781,386.5672789780478,382.5591857091536,383.3946161527287,21645700,MSFT
2024-01-16,388.14862060546875,391.88819229961535,385.51303113026245,391.52020834386707,27202300,MSFT
2024-01-17,387.3529968261719,387.98950225722587,382.718323094995,385.8711055875195,22234100,MSFT
2024-01-18,391.72906494140625,391.8484078099571,387.99944854071236,389.590757608681,23392100,MSFT
2024-01-19,396.50299072265625,396.50299072265625,391.3610795752693,393.60880476389866,29272000,MSFT
2024-01-22,394.3547668457031,398.44241223960563,391.45062524493704,397.8456674885771,27016900,MSFT
2024-01-23,396.7317199707031,397.2091217935274,391.78873385208783,393.59884828463896,20525900,MSFT
2024-01-24,400.3718566894531,403.42517679056124,398.2733402995586,399.35741189194886,24867000,MSFT
2024-01-25,402.6692810058594,404.7976633760543,400.3420039680487,402.1222827302953,21021200,MSFT
2024-01-26,401.7344055175781,403.96225049430717,400.24255886295236,402.1720162977375,17803300,MSFT
2024-01-29,407.492919921875,407.7515163738106,402.132203332571,403.85281064052623,24510200,MSFT
2024-01-30,406.3690490722656,410.8047976288008,404.24069712023226,410.0191136359549,33477600,MSFT
2024-01-31,395.4189147949219,413.0625085146517,395.0509308101669,404.74793405343684,47871100,MSFT
2024-02-01,401.5852355957031,405.7822988220977,399.615987042455,399.645822762124,30657700,MSFT
2024-02-02,408.9847717285156,410.4069915289673,401.3664048205646,401.6150459193161,28245000,MSFT
2024-02-05,403.4450378417969,408.9250973311322,401.7940573158409,407.67193648995806,25352300,MSFT
2024-02-06,403.285888671875,405.75241918711475,400.7199260029661,403.6737833372877,18382600,MSFT
2024-02-07,411.7994079589844,412.048049077267,405.1855602830067,405.2253513604076,22340500,MSFT
2024-02-08,411.8590393066406,413.3011697929746,410.28764094681054,411.7993678721975,21225300,MSFT
2024-02-09,418.2640380859375,418.53258989376275,412.8337250667871,412.9928590098735,22032800,MSFT
2024-02-12,413.0028076171875,418.45300090827396,412.4955700788698,418.2739866071132,21202900,MSFT
2024-02-13,404.1114196777344,407.8410362274365,401.1973532313077,402.7389159311724,27824900,MSFT
2024-02-14,408.0173034667969,408.3660508109545,403.1150147467339,406.6024273726602,20401200,MSFT
2024-02-15,405.09783935546875,407.6586038685065,402.8360141628252,406.67217404920154,21825500,MSFT
2024-02-16,402.6068420410156,406.8216402771548,401.9890766652795,406.49281005598874,22281100,MSFT
2024-02-20,401.3414001464844,403.03526796096475,396.57859232582433,401.78976350568934,24307900,MSFT
2024-02-21,400.73358154296875,400.8432017480266,395.7914283369083,398.73083103930014,18631100,MSFT
2024-02-22,410.1695251464844,411.3452740659007,407.1006155180746,408.71478444266717,27009900,MSFT
2024-02-23,408.8642578125,414.36439484849507,407.49918971824974,414.1751061358801,16295900,MSFT
2024-02-26,406.0743408203125,410.67772069092507,405.8949650583185,409.98022599205785,16193500,MSFT
2024-02-27,406.0145263671875,406.8515016937889,402.3975766433515,406.52267149644587,14835800,MSFT
2024-02-28,406.253662109375,407.8279663601961,403.8622996386407,406.71199923437507,13183100,MSFT
2024-02-29,412.15240478515625,412.71038837541505,404.4601676819315,407.17038672368494,31947300,MSFT
2024-03-01,414.00567626953125,414.37434071888777,409.40229671994484,409.7908782935449,17800300,MSFT
2024-03-04,413.42779541015625,415.84904886214485,410.8371399665941,411.95310713420247,17596000,MSFT
2024-03-05,401.2018737792969,412.7601607658309,399.1991233687723,412.4711952290164,26919200,MSFT
2024-03-06,400.6438903808594,403.7028565055454,396.9572155769562,401.520730349561,22344100,MSFT
2024-03-07,407.6686096191406,408.3062921519282,400.79340001238523,404.6594510933356,18718500,MSFT
2024-03-08,404.7590637207031,408.943970922281,402.87584635764586,406.49279622041365,17971700,MSFT
2024-03-11,403.0651550292969,404.2209868017705,399.8169001180621,402.3079090049905,16120800,MSFT
2024-03-12,413.7864685058594,414.07543405197885,405.327012025755,406.15401359976437,22457000,MSFT
2024-03-13,413.6071472167969,416.67605697562533,409.9702800987869,416.5963580657627,17115900,MSFT
2024-03-14,423.69073486328125,426.28139027338693,416.48672597594526,418.72863404872095,34157300,MSFT
2024-03-15,414.9223937988281,421.08016064962663,411.3054439239168,417.7820672194502,45049800,MSFT
2024-03-18,415.81915283203125,419.21689271760266,412.2918756147088,412.76018651759574,20106000,MSFT
2024-03-19,419.8944396972656,420.15351436066743,414.0554988591103,416.32729782359553,19837900,MSFT
2024-03-20,423.7007141113281,424.42806927889796,419.1471423578337,420.4823195339551,17860100,MSFT
2024-03-21,427.8258056640625,429.2706030363767,425.6237622387378,428.2841428024405,21296200,MSFT
2024-03-22,427.19805908203125,428.31402622095453,424.5376785647452,428.1546284078146,17636500,MSFT
2024-03-25,421.3392028808594,425.87285741065665,420.09369840693,423.7106482644727,18060500,MSFT
2024-03-26,420.133544921875,424.45793261968106,419.83463602416924,424.0792944107052,16725600,MSFT
2024-03-27,419.9143371582031,422.9234953142656,417.5030576163737,422.91352154834817,16705000,MSFT
2024-03-28,419.2069091796875,420.35276719813675,417.61265739375546,419.446036304839,21871200,MSFT
2024-04-01,423.0430908203125,426.35115812547906,420.70153623961255,422.42532544323956,16316000,MSFT
2024-04-02,419.9243469238281,420.86096876567433,416.3372877856753,418.5991130717621,17912000,MSFT
2024-04-03,418.9378967285156,421.73778835137483,417.58277204973547,418.22048493570827,16502300,MSFT
2024-04-04,416.37713623046875,427.12833945948364,416.068253550806,423.46155114559343,19370900,MSFT
2024-04-05,423.9896545410156,424.9761147954023,416.8155667706881,418.49949130961807,16544300,MSFT
2024-04-08,423.06298828125,425.7433163180875,421.77761916132215,423.6409193804279,14272400,MSFT
2024-04-09,424.7469177246094,426.20165844015906,420.10367338348533,424.9063459466705,12512300,MSFT
2024-04-10,421.73779296875,422.50501278575086,418.19059862320614,420.67163383024246,16216600,MSFT
2024-04-11,426.3909912109375,427.82581484762187,420.8410157834726,424.28859418130247,17966400,MSFT
2024-04-12,420.3826904296875,423.650893158757,418.2603458072204,422.5249521781749,19232100,MSFT
2024-04-15,412.15240478515625,425.2849970973167,411.9431381329404,425.06578708629894,20273500,MSFT
2024-04-16,413.0889892578125,416.8952582906374,412.2420705278667,413.07904589917786,16765600,MSFT
2024-04-17,410.3588562011719,417.37354608032194,408.85427703017245,415.74940334221725,15855500,MSFT
2024-04-18,402.8160705566406,410.40869149599354,402.49724451606636,409.1532132353134,21029900,MSFT
2024-04-19,397.6846008300781,404.0217435519042,396.339449885593,402.5769461656378,30276500,MSFT
2024-04-22,399.5179748535156,401.4011922340004,394.326720664829,398.6411348292365,20286900,MSFT
2024-04-23,406.1042175292969,406.73195665478823,401.61042761834875,402.78617655393526,15734500,MSFT
2024-04-24,407.5888366699219,410.98657644886526,405.31703777585045,408.08703844851493,15065300,MSFT
2024-04-25,397.6048889160156,398.4518380317162,386.6344758845294,392.61289730195864,40586500,MSFT
2024-04-26,404.8587341308594,411.5147031453564,404.30075052532226,410.6877015039508,29694700,MSFT
2024-04-29,400.8033447265625,404.85871464230763,397.7543521688509,403.7925555014032,19582100,MSFT
2024-04-30,387.9297790527344,400.7136535719452,387.7703812443129,400.0460498169102,28781400,MSFT
2024-05-01,393.5196228027344,400.2752376954743,388.9062694736309,391.1979854890888,23562500,MSFT
2024-05-02,396.4092102050781,398.49169010971565,393.23068024330894,396.22986485240887,17709400,MSFT
2024-05-03,405.1974792480469,405.6857072666299,400.4147238694429,400.8332267481025,17446700,MSFT
2024-05-06,412.0527648925781,412.44134649548096,404.90853749941664,407.28995676641233,16996600,MSFT
2024-05-07,407.86785888671875,413.17870727122335,407.6187579788331,413.1687335044037,20018200,MSFT
2024-05-08,409.06353759765625,410.74746209427366,405.2472948266194,406.7020659589674,11792300,MSFT
2024-05-09,410.8371276855469,411.2356830323753,407.628706970669,409.09342143632676,14689700,MSFT
2024-05-10,413.2484130859375,413.8861259760523,410.31898411359913,411.454898796182,13402300,MSFT
2024-05-13,412.2320861816406,416.8454395758238,409.34252191031106,416.50666601097504,15440200,MSFT
2024-05-14,415.0618896484375,415.9885377174583,410.0698977801234,410.5382086979875,15109300,MSFT
2024-05-15,422.31878662109375,423.04748418125,416.51924233374484,417.14811372005255,22239500,MSFT
2024-05-16,420.2325744628906,424.65462746809226,419.5937417467572,421.04111473047993,17530100,MSFT
2024-05-17,419.4539489746094,422.15909507145113,417.2778785450943,421.7797738940241,15352200,MSFT
2024-05-20,424.5747375488281,426.00215742526564,419.2343570136284,419.45396241482433,16272100,MSFT
2024-05-21,428.2680969238281,432.19101891399305,424.08563296720774,426.0620511343007,21453300,MSFT
2024-05-22,429.74542236328125,431.6320366067369,426.36153729569446,429.31620330543893,18073700,MSFT
2024-05-23,426.23175048828125,432.81988199819887,424.654606594968,432.19101060705754,17211700,MSFT
2024-05-24,429.3860778808594,430.284452546189,423.6464230389501,426.4214201614011,11845800,MSFT
2024-05-28,429.5457763671875,430.0448767681172,425.8324681657636,428.8570153768908,15718000,MSFT
2024-05-29,428.3978576660156,430.1646621440202,424.9241078592897,424.9241078592897,15517100,MSFT
2024-05-30,413.9239501953125,423.5365985674188,413.49470068821756,423.5365985674188,28424800,MSFT
2024-05-31,414.38311767578125,416.0001981551101,403.7822296778057,416.0001981551101,47995300,MSFT
2024-06-03,412.7760009765625,415.68076908060925,408.18430147617795,414.78239441586754,17484700,MSFT
2024-06-04,415.3214416503906,415.69077109680313,408.9429234942185,411.68797587586874,14348900,MSFT
2024-06-05,423.24713134765625,423.316982252091,415.55098123941247,417.05827419686176,16988000,MSFT
2024-06-06,423.7561950683594,424.54478223440873,419.82328145689553,423.24713337206975,14861300,MSFT
2024-06-07,423.0874328613281,425.5130535956995,422.2389560533201,425.43321093193657,13621700,MSFT
2024-06-10,427.1001892089844,427.3098028561661,423.12736935564175,423.93590960030053,14003000,MSFT
2024-06-11,431.9015197753906,432.04128251107204,424.4848950575601,424.714492210749,14551100,MSFT
2024-06-12,440.2664489746094,442.6022352259115,432.4705030473988,434.5367860452445,22366200,MSFT
2024-06-13,440.7855224609375,442.59229404362975,438.5795070893568,440.0568553290733,15960600,MSFT
2024-06-14,441.77374267578125,442.34272445223553,435.93426180663823,437.4914526433868,13582000,MSFT
2024-06-17,447.56329345703125,450.1286768563718,439.92706333342124,441.79369397889576,20790000,MSFT
2024-06-18,445.5369567871094,449.3301382355733,444.0895838547788,448.90088872513473,17112500,MSFT
2024-06-20,444.89813232421875,445.7266256285528,440.47607939422454,445.4970284658229,19877400,MSFT
2024-06-21,448.97076416015625,449.769312632082,445.7066584412535,446.57508828170745,34486200,MSFT
2024-06-24,446.8645935058594,451.9354404836348,445.6068506710909,448.99073575427695,15913700,MSFT
2024-06-25,450.138671875,450.60782747881404,445.94621624676097,447.4435174764647,16747500,MSFT
2024-06-26,451.34649658203125,452.7839082321868,447.3836380189599,448.1921782643384,16507000,MSFT
2024-06-27,452.0352478027344,455.3492818389116,450.9571738571483,451.36643984920676,14806300,MSFT
2024-06-28,446.1458740234375,454.560699725703,445.6068370446384,452.25485824092095,28362300,MSFT
2024-07-01,455.90826416015625,456.547096834103,444.8581739492551,447.8527763611413,17662800,MSFT
2024-07-02,458.45367431640625,458.763114135567,452.2947618141318,452.38462669565615,13979800,MSFT
2024-07-03,459.94097900390625,460.1905292078966,457.05619448636736,457.36563430230166,9932800,MSFT
2024-07-05,466.7187805175781,467.5073677076921,458.1442389904913,458.78307168504375,16000300,MSFT
2024-07-08,465.4011535644531,466.8585487354724,463.6243572737453,465.71059339028005,12962300,MSFT
2024-07-09,458.7132263183594,466.4891889928316,457.1759884825597,466.15979611649647,17207200,MSFT
2024-07-10,465.4111328125,465.62074645537155,458.03441412289084,460.3901839011476,18196100,MSFT
2024-07-11,453.8819274902344,463.9437784065974,450.73757052011626,462.14702910596276,23111200,MSFT
2024-07-12,452.7339782714844,455.5389201916152,449.8392019313785,453.5125737072739,16324300,MSFT
2024-07-15,453.14324951171875,456.4373305955963,450.61780257874887,452.48443329494324,14429400,MSFT
2024-07-16,448.71124267578125,453.4826416005614,445.8564028188264,453.4027989347938,17175700,MSFT
2024-07-17,442.7220153808594,444.0496395265401,438.3898274906823,441.79369593210816,21778000,MSFT
2024-07-18,439.57769775390625,443.84999611813106,433.61843753799087,443.5405562956479,20794800,MSFT
2024-07-19,436.32354736328125,440.34632592638405,431.2227557769831,432.32078277543104,20940400,MSFT
2024-07-22,442.14306640625,443.8000833958314,438.12031838604275,440.9951415745854,15808800,MSFT
2024-07-23,444.0496520996094,447.5832916213236,442.30280062043124,443.1013491115581,13107100,MSFT
2024-07-24,428.1283264160156,440.6857098144858,426.8206857763536,439.6575641864461,26805800,MSFT
2024-07-25,417.647216796875,429.0267000469298,416.7588339080866,428.02849922740444,29943800,MSFT
2024-07-26,424.5048522949219,428.14830966269454,416.5192457247621,417.4475956401735,23583800,MSFT
2024-07-29,425.9622497558594,431.3724811776246,423.93590329611,430.8034993953489,15125800,MSFT
2024-07-30,422.15911865234375,428.27806429980717,416.6090938774579,426.950470567327,32687600,MSFT
2024-07-31,417.5973205566406,421.0211420698181,411.4683528789598,419.7434462343891,42891400,MSFT
2024-08-01,416.3595275878906,426.6909121222585,412.3467712755952,420.0329297410617,30296400,MSFT
2024-08-02,407.7550354003906,414.2533323621259,403.61250816930357,411.747838603881,29437900,MSFT
2024-08-05,394.4390563964844,400.31847397455925,384.8862670330075,388.46983486087413,40709200,MSFT
2024-08-06,398.8910217285156,404.94014682452905,397.7830334218698,399.2803346769082,24946500,MSFT
2024-08-07,397.7131652832031,409.34219932500315,396.7549009776476,407.9048180980064,20650900,MSFT
2024-08-08,401.9654846191406,405.1297641120261,399.2204324052767,401.71593441788025,20203000,MSFT
2024-08-09,405.28948974609375,407.3158362110672,401.5362753425401,403.3030798438404,19276700,MSFT
2024-08-12,406.07806396484375,408.0245677048975,403.5126806044117,406.32761416420084,16762900,MSFT
2024-08-13,413.26513671875,414.20344793901165,408.83312258213994,408.85307563224285,19414300,MSFT
2024-08-14,416.1099853515625,416.96845391003643,411.70794647746885,414.05369406899246,18267000,MSFT
2024-08-15,421.0299987792969,421.1099853515625,417.6600036621094,419.79998779296875,20752100,MSFT
2024-08-16,418.4700012207031,421.3399963378906,417.29998779296875,420.6000061035156,22775600,MSFT
2024-08-19,421.5299987792969,421.75,416.4599914550781,418.9599914550781,15234000,MSFT
2024-08-20,424.79998779296875,425.8599853515625,421.6400146484375,421.70001220703125,16387600,MSFT
2024-08-21,424.1400146484375,426.3999938964844,421.7200012207031,424.0799865722656,16067300,MSFT
2024-08-22,415.54998779296875,426.7900085449219,414.6099853515625,424.3599853515625,19361900,MSFT
2024-08-23,416.7900085449219,419.260009765625,412.0899963378906,416.9800109863281,18493800,MSFT
2024-08-26,413.489990234375,417.2799987792969,411.3399963378906,416.3699951171875,13152800,MSFT
2024-08-27,413.8399963378906,414.3599853515625,410.25,412.8599853515625,13492900,MSFT
2024-08-28,410.6000061035156,415.0,407.30999755859375,414.8800048828125,14882700,MSFT
2024-08-29,413.1199951171875,422.04998779296875,410.6000061035156,414.94000244140625,17045200,MSFT
2024-08-30,417.1400146484375,417.489990234375,412.1300048828125,415.6000061035156,24308300,MSFT
2024-09-03,409.44000244140625,419.8800048828125,407.0299987792969,417.9100036621094,20313600,MSFT
2024-09-04,408.8999938964844,411.239990234375,404.3699951171875,405.9100036621094,15135800,MSFT
2024-09-05,408.3900146484375,413.1000061035156,406.1300048828125,407.6199951171875,14195500,MSFT
2024-09-06,401.70001220703125,410.6499938964844,400.79998779296875,409.05999755859375,19609500,MSFT
2024-09-09,405.7200012207031,408.6499938964844,402.1499938964844,407.239990234375,15295100,MSFT
2024-09-10,414.20001220703125,416.3299865722656,407.70001220703125,408.20001220703125,19594300,MSFT
2024-09-11,423.0400085449219,423.989990234375,409.5799865722656,415.5,19266900,MSFT
2024-09-12,427.0,427.3699951171875,419.75,423.30999755859375,17418800,MSFT
2024-09-13,430.5899963378906,431.8299865722656,425.4599914550781,425.8299865722656,15874600,MSFT
2024-09-16,431.3399963378906,433.5299987792969,428.2200012207031,430.6000061035156,13834700,MSFT
2024-09-17,435.1499938964844,441.8500061035156,432.2699890136719,440.2300109863281,18874200,MSFT
2024-09-18,430.80999755859375,436.0299987792969,430.4100036621094,435.0,18898000,MSFT
2024-09-19,438.69000244140625,441.5,436.8999938964844,441.2300109863281,21706600,MSFT
2024-09-20,435.2699890136719,439.239990234375,434.2200012207031,437.2200012207031,55167100,MSFT
2024-09-23,433.510009765625,436.4599914550781,430.3900146484375,434.2799987792969,15128900,MSFT
2024-09-24,429.1700134277344,433.3500061035156,426.1000061035156,433.0,17015800,MSFT
2024-09-25,432.1099853515625,433.1199951171875,428.57000732421875,429.8299865722656,13396400,MSFT
2024-09-26,431.30999755859375,435.29998779296875,429.1300048828125,435.0899963378906,14492000,MSFT
2024-09-27,428.0199890136719,431.8500061035156,427.4700012207031,431.5199890136719,14896100,MSFT
2024-09-30,430.29998779296875,430.4200134277344,425.3699951171875,428.2099914550781,16807300,MSFT
2024-10-01,420.69000244140625,428.4800109863281,418.80999755859375,428.45001220703125,19092900,MSFT
2024-10-02,417.1300048828125,422.82000732421875,416.7099914550781,422.5799865722656,16582300,MSFT
2024-10-03,416.5400085449219,419.54998779296875,414.2900085449219,417.6300048828125,13686400,MSFT
2024-10-04,416.05999755859375,419.75,414.9700012207031,418.239990234375,19169700,MSFT
2024-10-07,409.5400085449219,417.1099853515625,409.0,416.0,20919800,MSFT
2024-10-08,414.7099914550781,415.6600036621094,408.1700134277344,410.8999938964844,19229300,MSFT
2024-10-09,417.4599914550781,420.3800048828125,414.29998779296875,415.8599853515625,14974300,MSFT
2024-10-10,415.8399963378906,417.3500061035156,413.1499938964844,415.2300109863281,13848400,MSFT
2024-10-11,416.32000732421875,417.1300048828125,413.25,416.1400146484375,14144900,MSFT
2024-10-14,419.1400146484375,424.0400085449219,417.5199890136719,417.7699890136719,16653100,MSFT
2024-10-15,418.739990234375,422.4800109863281,415.260009765625,422.17999267578125,18900200,MSFT
2024-10-16,416.1199951171875,416.3599853515625,410.4800109863281,415.1700134277344,15508900,MSFT
2024-10-17,416.7200012207031,422.5,415.5899963378906,422.3599853515625,14820000,MSFT
2024-10-18,418.1600036621094,419.6499938964844,416.260009765625,417.1400146484375,17145300,MSFT
2024-10-21,418.7799987792969,418.9599914550781,413.75,416.1199951171875,14206100,MSFT
2024-10-22,427.510009765625,430.5799865722656,418.0400085449219,418.489990234375,25482200,MSFT
2024-10-23,424.6000061035156,431.0799865722656,422.5299987792969,430.8599853515625,19654400,MSFT
2024-10-24,424.7300109863281,425.9800109863281,422.3999938964844,425.3299865722656,13581600,MSFT
2024-10-25,428.1499938964844,432.5199890136719,426.57000732421875,426.760009765625,16899100,MSFT
2024-10-28,426.5899963378906,431.94000244140625,426.29998779296875,431.6600036621094,14882400,MSFT
2024-10-29,431.95001220703125,433.1700134277344,425.79998779296875,428.0,17644100,MSFT
2024-10-30,432.5299987792969,438.5,432.1000061035156,437.44000244140625,29749100,MSFT
2024-10-31,406.3500061035156,416.1600036621094,406.29998779296875,415.3599853515625,53971000,MSFT
2024-11-01,410.3699951171875,415.5,407.5,409.010009765625,24230400,MSFT
2024-11-04,408.4599914550781,410.4200134277344,405.57000732421875,409.79998779296875,19672300,MSFT
2024-11-05,411.4599914550781,414.8999938964844,408.0799865722656,408.3699951171875,17626000,MSFT
2024-11-06,420.17999267578125,420.45001220703125,410.5199890136719,412.4200134277344,26681800,MSFT
2024-11-07,425.42999267578125,426.8500061035156,419.8800048828125,421.2799987792969,19901800,MSFT
2024-11-08,422.5400085449219,426.5,421.7799987792969,425.32000732421875,16891400,MSFT
2024-11-11,418.010009765625,424.80999755859375,416.0,422.5199890136719,24503300,MSFT
2024-11-12,423.0299987792969,424.44000244140625,417.20001220703125,418.25,19401200,MSFT
2024-11-13,425.20001220703125,429.3299865722656,418.2099914550781,421.6400146484375,21502200,MSFT
2024-11-14,426.8900146484375,428.1700134277344,420.0,425.0,30246900,MSFT
2024-11-15,415.0,422.79998779296875,413.6400146484375,419.82000732421875,28247600,MSFT
2024-11-18,415.760009765625,418.3999938964844,412.1000061035156,414.8699951171875,24742000,MSFT
2024-11-19,417.7900085449219,417.94000244140625,411.54998779296875,413.1099853515625,18133500,MSFT
2024-11-20,415.489990234375,417.2900085449219,410.5799865722656,416.8699951171875,19191700,MSFT
2024-11-21,412.8699951171875,419.7799987792969,410.2900085449219,419.5,20780200,MSFT
2024-11-22,417.0,417.3999938964844,411.05999755859375,411.3699951171875,24814600,MSFT
2024-11-25,418.7900085449219,421.0799865722656,414.8500061035156,418.3800048828125,27691100,MSFT
2024-11-26,427.989990234375,429.0400085449219,418.8500061035156,419.5899963378906,23458900,MSFT
2024-11-27,422.989990234375,427.2300109863281,422.0199890136719,425.1099853515625,18332400,MSFT
2024-11-29,423.4599914550781,424.8800048828125,417.79998779296875,420.0899963378906,16271900,MSFT
2024-12-02,430.9800109863281,433.0,421.30999755859375,421.57000732421875,20207200,MSFT
2024-12-03,431.20001220703125,432.4700012207031,427.739990234375,429.8399963378906,18302000,MSFT
2024-12-04,437.4200134277344,439.6700134277344,432.6300048828125,433.0299987792969,26009400,MSFT
2024-12-05,442.6199951171875,444.6600036621094,436.1700134277344,437.9200134277344,21697800,MSFT
2024-12-06,443.57000732421875,446.1000061035156,441.7699890136719,442.29998779296875,18821000,MSFT
2024-12-09,446.0199890136719,448.3299865722656,440.5,442.6000061035156,19144400,MSFT
2024-12-10,443.3299865722656,449.6199951171875,441.6000061035156,444.3900146484375,18469500,MSFT
2024-12-11,448.989990234375,450.3500061035156,444.04998779296875,444.04998779296875,19200200,MSFT
2024-12-12,449.55999755859375,456.1600036621094,449.1099853515625,449.1099853515625,20834800,MSFT
2024-12-13,447.2699890136719,451.42999267578125,445.5799865722656,448.44000244140625,20177800,MSFT
2024-12-16,451.5899963378906,452.17999267578125,445.2799987792969,447.2699890136719,23598800,MSFT
2024-12-17,454.4599914550781,455.2900085449219,449.57000732421875,451.010009765625,22733500,MSFT
2024-12-18,437.3900146484375,452.6499938964844,437.0199890136719,451.32000732421875,24444500,MSFT
2024-12-19,437.0299987792969,443.17999267578125,436.32000732421875,441.6199951171875,22963700,MSFT
2024-12-20,436.6000061035156,443.739990234375,428.6300048828125,433.1099853515625,64263700,MSFT
2024-12-23,435.25,437.6499938964844,432.8299865722656,436.739990234375,19152500,MSFT
2024-12-24,439.3299865722656,439.6000061035156,434.19000244140625,434.6499938964844,7164500,MSFT
2024-12-26,438.1099853515625,440.94000244140625,436.6300048828125,439.0799865722656,8194200,MSFT
2024-12-27,430.5299987792969,435.2200012207031,426.3500061035156,434.6000061035156,18095100,MSFT
